{"nm":"Cloud ICON 2","ddd":0,"h":1200,"w":1200,"meta":{"g":"LottieFiles AE 1.0.0"},"layers":[{"ty":4,"nm":"line 2","sr":1,"st":-170.02002002002,"op":430,"ip":0,"hd":false,"ddd":0,"bm":0,"hasMask":false,"ao":0,"ks":{"a":{"a":0,"k":[0,0,0],"ix":1},"s":{"a":0,"k":[650,650,100],"ix":6},"sk":{"a":0,"k":0},"p":{"a":0,"k":[600,602.5,0],"ix":2},"r":{"a":0,"k":0,"ix":10},"sa":{"a":0,"k":0},"o":{"a":0,"k":100,"ix":11}},"ef":[],"shapes":[{"ty":"gr","bm":0,"hd":false,"mn":"ADBE Vector Group","nm":"Group 1","ix":1,"cix":2,"np":2,"it":[{"ty":"sh","bm":0,"hd":false,"mn":"ADBE Vector Shape - Group","nm":"Path 1","ix":1,"d":1,"ks":{"a":0,"k":{"c":true,"i":[[0,0],[0,0],[0,0],[0,0],[0,0],[0,0]],"o":[[0,0],[0,0],[0,0],[0,0],[0,0],[0,0]],"v":[[0,-87.754],[-75.997,-43.877],[-75.997,43.877],[0,87.754],[75.997,43.877],[75.997,-43.877]]},"ix":2}},{"ty":"gs","bm":0,"hd":false,"mn":"ADBE Vector Graphic - G-Stroke","nm":"Gradient Stroke 1","e":{"a":1,"k":[{"o":{"x":0.167,"y":0.167},"i":{"x":0.833,"y":0.833},"s":[74.252,0.723],"t":-150},{"o":{"x":0.167,"y":0.167},"i":{"x":0.833,"y":0.833},"s":[-2.748,90.723],"t":-75},{"o":{"x":0.167,"y":0.167},"i":{"x":0.833,"y":0.833},"s":[-86.748,-11.277],"t":0},{"o":{"x":0.167,"y":0.167},"i":{"x":0.833,"y":0.833},"s":[2.252,-83.277],"t":75},{"o":{"x":0.167,"y":0.167},"i":{"x":0.833,"y":0.833},"s":[74.252,0.723],"t":150},{"o":{"x":0.167,"y":0.167},"i":{"x":0.833,"y":0.833},"s":[-2.748,90.723],"t":225},{"o":{"x":0.167,"y":0.167},"i":{"x":0.833,"y":0.833},"s":[-86.748,-11.277],"t":300},{"s":[2.252,-83.277],"t":374.99951122998}],"ix":5},"g":{"p":5,"k":{"a":0,"k":[0,0.3607843137254902,0.17647058823529413,0.8,0.318,0.8,0.23921568627450981,0.23921568627450981,0.629,0.8,0.3137254901960784,0.3137254901960784,0.808,0.9019607843137255,0.2784313725490196,0.2784313725490196,1,1,0.09803921568627451,0.09803921568627451,0,0,0.318,0.5,0.629,1,0.808,1,1,1],"ix":8}},"t":1,"a":{"a":0,"k":0},"h":{"a":0,"k":0},"s":{"a":0,"k":[0,0],"ix":4},"lc":2,"lj":1,"ml":10,"o":{"a":0,"k":100,"ix":9},"w":{"a":0,"k":3,"ix":10}},{"ty":"tr","a":{"a":0,"k":[0,0],"ix":1},"s":{"a":0,"k":[100,100],"ix":3},"sk":{"a":0,"k":0,"ix":4},"p":{"a":0,"k":[0,0],"ix":2},"r":{"a":0,"k":0,"ix":6},"sa":{"a":0,"k":0,"ix":5},"o":{"a":0,"k":100,"ix":7}}]},{"ty":"tm","bm":0,"hd":false,"mn":"ADBE Vector Filter - Trim","nm":"Trim Paths 1","ix":2,"e":{"a":0,"k":100,"ix":2},"o":{"a":1,"k":[{"o":{"x":0.167,"y":0.167},"i":{"x":0.833,"y":0.833},"s":[0],"t":-150},{"s":[-361],"t":149.99951122998}],"ix":3},"s":{"a":0,"k":75,"ix":1},"m":1}],"ind":1},{"ty":4,"nm":"line 1","sr":1,"st":-20.02002002002,"op":580,"ip":0,"hd":false,"ddd":0,"bm":0,"hasMask":false,"ao":0,"ks":{"a":{"a":0,"k":[0,0,0],"ix":1},"s":{"a":0,"k":[650,650,100],"ix":6},"sk":{"a":0,"k":0},"p":{"a":0,"k":[600,602.5,0],"ix":2},"r":{"a":0,"k":0,"ix":10},"sa":{"a":0,"k":0},"o":{"a":0,"k":100,"ix":11}},"ef":[],"shapes":[{"ty":"gr","bm":0,"hd":false,"mn":"ADBE Vector Group","nm":"Group 1","ix":1,"cix":2,"np":2,"it":[{"ty":"sh","bm":0,"hd":false,"mn":"ADBE Vector Shape - Group","nm":"Path 1","ix":1,"d":1,"ks":{"a":0,"k":{"c":true,"i":[[0,0],[0,0],[0,0],[0,0],[0,0],[0,0]],"o":[[0,0],[0,0],[0,0],[0,0],[0,0],[0,0]],"v":[[0,-87.754],[-75.997,-43.877],[-75.997,43.877],[0,87.754],[75.997,43.877],[75.997,-43.877]]},"ix":2}},{"ty":"gs","bm":0,"hd":false,"mn":"ADBE Vector Graphic - G-Stroke","nm":"Gradient Stroke 1","e":{"a":1,"k":[{"o":{"x":0.167,"y":0.167},"i":{"x":0.833,"y":0.833},"s":[74.252,0.723],"t":0},{"o":{"x":0.167,"y":0.167},"i":{"x":0.833,"y":0.833},"s":[-2.748,90.723],"t":75},{"o":{"x":0.167,"y":0.167},"i":{"x":0.833,"y":0.833},"s":[-86.748,-11.277],"t":150},{"o":{"x":0.167,"y":0.167},"i":{"x":0.833,"y":0.833},"s":[2.252,-83.277],"t":225},{"s":[74.252,0.723],"t":299.99951122998}],"ix":5},"g":{"p":5,"k":{"a":0,"k":[0,0.3607843137254902,0.17647058823529413,0.8,0.318,0.8,0.23921568627450981,0.23921568627450981,0.629,0.8,0.3137254901960784,0.3137254901960784,0.808,0.9019607843137255,0.2784313725490196,0.2784313725490196,1,1,0.09803921568627451,0.09803921568627451,0,0,0.318,0.5,0.629,1,0.808,1,1,1],"ix":8}},"t":1,"a":{"a":0,"k":0},"h":{"a":0,"k":0},"s":{"a":0,"k":[0,0],"ix":4},"lc":2,"lj":1,"ml":10,"o":{"a":0,"k":100,"ix":9},"w":{"a":0,"k":3,"ix":10}},{"ty":"tr","a":{"a":0,"k":[0,0],"ix":1},"s":{"a":0,"k":[100,100],"ix":3},"sk":{"a":0,"k":0,"ix":4},"p":{"a":0,"k":[0,0],"ix":2},"r":{"a":0,"k":0,"ix":6},"sa":{"a":0,"k":0,"ix":5},"o":{"a":0,"k":100,"ix":7}}]},{"ty":"tm","bm":0,"hd":false,"mn":"ADBE Vector Filter - Trim","nm":"Trim Paths 1","ix":2,"e":{"a":0,"k":100,"ix":2},"o":{"a":1,"k":[{"o":{"x":0.167,"y":0.167},"i":{"x":0.833,"y":0.833},"s":[0],"t":0},{"s":[-361],"t":299.99951122998}],"ix":3},"s":{"a":0,"k":75,"ix":1},"m":1}],"ind":2},{"ty":4,"nm":"Border 1","sr":1,"st":-20.02002002002,"op":362,"ip":0,"hd":false,"ddd":0,"bm":0,"hasMask":false,"td":1,"ao":0,"ks":{"a":{"a":0,"k":[0,0,0],"ix":1},"s":{"a":0,"k":[559,559,100],"ix":6},"sk":{"a":0,"k":0},"p":{"a":0,"k":[600,602.5,0],"ix":2},"r":{"a":0,"k":0,"ix":10},"sa":{"a":0,"k":0},"o":{"a":0,"k":100,"ix":11}},"ef":[],"shapes":[{"ty":"gr","bm":0,"hd":false,"mn":"ADBE Vector Group","nm":"Group 1","ix":1,"cix":2,"np":2,"it":[{"ty":"sh","bm":0,"hd":false,"mn":"ADBE Vector Shape - Group","nm":"Path 1","ix":1,"d":1,"ks":{"a":0,"k":{"c":true,"i":[[0,0],[0,0],[0,0],[0,0],[0,0],[0,0]],"o":[[0,0],[0,0],[0,0],[0,0],[0,0],[0,0]],"v":[[0,-87.754],[-75.997,-43.877],[-75.997,43.877],[0,87.754],[75.997,43.877],[75.997,-43.877]]},"ix":2}},{"ty":"st","bm":0,"hd":false,"mn":"ADBE Vector Graphic - Stroke","nm":"Stroke 1","lc":1,"lj":1,"ml":10,"o":{"a":0,"k":100,"ix":4},"w":{"a":0,"k":2.902,"ix":5},"c":{"a":0,"k":[1,1,1],"ix":3}},{"ty":"tr","a":{"a":0,"k":[0,0],"ix":1},"s":{"a":0,"k":[100,100],"ix":3},"sk":{"a":0,"k":0,"ix":4},"p":{"a":0,"k":[0,0],"ix":2},"r":{"a":0,"k":0,"ix":6},"sa":{"a":0,"k":0,"ix":5},"o":{"a":0,"k":100,"ix":7}}]}],"ind":3},{"ty":4,"nm":"Gradient 2","sr":1,"st":-150,"op":351,"ip":0,"hd":false,"ddd":0,"bm":0,"tt":1,"hasMask":false,"ao":0,"ks":{"a":{"a":0,"k":[-15.959,30.041,0],"ix":1},"s":{"a":0,"k":[100,100,100],"ix":6},"sk":{"a":0,"k":0},"p":{"a":0,"k":[600,600,0],"ix":2},"r":{"a":1,"k":[{"o":{"x":0.167,"y":0.167},"i":{"x":0.833,"y":0.833},"s":[0],"t":-150},{"s":[-360],"t":150}],"ix":10},"sa":{"a":0,"k":0},"o":{"a":0,"k":100,"ix":11}},"ef":[],"shapes":[{"ty":"gr","bm":0,"hd":false,"mn":"ADBE Vector Group","nm":"Ellipse 1","ix":1,"cix":2,"np":3,"it":[{"ty":"el","bm":0,"hd":false,"mn":"ADBE Vector Shape - Ellipse","nm":"Ellipse Path 1","d":1,"p":{"a":0,"k":[0,0],"ix":3},"s":{"a":0,"k":[1128.083,1128.083],"ix":2}},{"ty":"st","bm":0,"hd":false,"mn":"ADBE Vector Graphic - Stroke","nm":"Stroke 1","lc":1,"lj":1,"ml":4,"o":{"a":0,"k":100,"ix":4},"w":{"a":0,"k":0,"ix":5},"c":{"a":0,"k":[1,1,1],"ix":3}},{"ty":"gf","bm":0,"hd":false,"mn":"ADBE Vector Graphic - G-Fill","nm":"Gradient Fill 1","e":{"a":0,"k":[394.267,-226.063],"ix":6},"g":{"p":3,"k":{"a":0,"k":[0,1,1,1,0.663,1,1,1,1,1,0,0],"ix":9}},"t":1,"a":{"a":0,"k":0},"h":{"a":0,"k":0},"s":{"a":0,"k":[-394.926,230.603],"ix":5},"r":1,"o":{"a":0,"k":100,"ix":10}},{"ty":"tr","a":{"a":0,"k":[0,0],"ix":1},"s":{"a":0,"k":[100,100],"ix":3},"sk":{"a":0,"k":0,"ix":4},"p":{"a":0,"k":[-15.959,30.041],"ix":2},"r":{"a":0,"k":0,"ix":6},"sa":{"a":0,"k":0,"ix":5},"o":{"a":0,"k":100,"ix":7}}]}],"ind":4}],"v":"4.8.0","fr":60,"op":300,"ip":0,"assets":[]}