{"v":"4.8.0","meta":{"g":"LottieFiles AE ","a":"","k":"","d":"","tc":""},"fr":30,"ip":0,"op":150,"w":500,"h":500,"nm":"8 - Premium quality","ddd":0,"assets":[],"layers":[{"ddd":0,"ind":2,"ty":3,"nm":"Move","sr":1,"ks":{"o":{"a":0,"k":0,"ix":11},"r":{"a":0,"k":0,"ix":10},"p":{"a":1,"k":[{"i":{"x":0.4,"y":1},"o":{"x":0.6,"y":0},"t":95,"s":[250,250,0],"to":[0,6.667,0],"ti":[0,6.667,0]},{"i":{"x":0.4,"y":1},"o":{"x":0.6,"y":0},"t":110,"s":[250,290,0],"to":[0,-6.667,0],"ti":[0,6.667,0]},{"i":{"x":0.4,"y":1},"o":{"x":0.6,"y":0},"t":125,"s":[250,210,0],"to":[0,-6.667,0],"ti":[0,-6.667,0]},{"t":140,"s":[250,250,0]}],"ix":2},"a":{"a":0,"k":[50,50,0],"ix":1},"s":{"a":0,"k":[100,100,100],"ix":6}},"ao":0,"ip":95,"op":150,"st":0,"bm":0},{"ddd":0,"ind":3,"ty":4,"nm":"Star Big","parent":2,"sr":1,"ks":{"o":{"a":0,"k":100,"ix":11},"r":{"a":1,"k":[{"i":{"x":[0.2],"y":[1]},"o":{"x":[0.8],"y":[0]},"t":80,"s":[-45]},{"t":95,"s":[0]}],"ix":10},"p":{"a":1,"k":[{"i":{"x":0.2,"y":1},"o":{"x":0.8,"y":0},"t":98,"s":[50,0,0],"to":[0,3.333,0],"ti":[0,3.333,0]},{"i":{"x":0.2,"y":1},"o":{"x":0.8,"y":0},"t":113,"s":[50,20,0],"to":[0,-3.333,0],"ti":[0,3.333,0]},{"i":{"x":0.2,"y":1},"o":{"x":0.8,"y":0},"t":128,"s":[50,-20,0],"to":[0,-3.333,0],"ti":[0,-3.333,0]},{"t":143,"s":[50,0,0]}],"ix":2},"a":{"a":0,"k":[0,-48.812,0],"ix":1},"s":{"a":1,"k":[{"i":{"x":[0.2,0.2,0.2],"y":[1,1,1]},"o":{"x":[0.8,0.8,0.8],"y":[0,0,0]},"t":80,"s":[0,0,100]},{"i":{"x":[0.2,0.2,0.2],"y":[1,1,1]},"o":{"x":[0.8,0.8,0.8],"y":[0,0,0]},"t":95,"s":[130,130,100]},{"i":{"x":[0.2,0.2,0.2],"y":[1,1,1]},"o":{"x":[0.8,0.8,0.8],"y":[0,0,0]},"t":110,"s":[100,100,100]},{"i":{"x":[0.2,0.2,0.2],"y":[1,1,1]},"o":{"x":[0.8,0.8,0.8],"y":[0,0,0]},"t":135,"s":[100,100,100]},{"t":150,"s":[0,0,100]}],"ix":6}},"ao":0,"shapes":[{"ty":"gr","it":[{"ty":"sr","sy":1,"d":1,"pt":{"a":0,"k":5,"ix":3},"p":{"a":0,"k":[0,0],"ix":4},"r":{"a":0,"k":0,"ix":5},"ir":{"a":0,"k":33.189,"ix":6},"is":{"a":0,"k":0,"ix":8},"or":{"a":0,"k":66.379,"ix":7},"os":{"a":0,"k":0,"ix":9},"ix":1,"nm":"Polystar Path 1","mn":"ADBE Vector Shape - Star","hd":false},{"ty":"fl","c":{"a":0,"k":[0.921568687289,0.921568687289,0.921568687289,1],"ix":4,"x":"var $bm_rt;\ntry {\n    $bm_rt = thisComp.layer('Controller').effect('Color 2')('ADBE Color Control-0001');\n} catch (e) {\n    $bm_rt = value;\n}"},"o":{"a":0,"k":100,"ix":5},"r":1,"bm":0,"nm":"Fill 1","mn":"ADBE Vector Graphic - Fill","hd":false},{"ty":"tr","p":{"a":0,"k":[0,-42.474],"ix":2},"a":{"a":0,"k":[0,0],"ix":1},"s":{"a":0,"k":[100,100],"ix":3},"r":{"a":0,"k":0,"ix":6},"o":{"a":0,"k":100,"ix":7},"sk":{"a":0,"k":0,"ix":4},"sa":{"a":0,"k":0,"ix":5},"nm":"Transform"}],"nm":"Polystar 1","np":3,"cix":2,"bm":0,"ix":1,"mn":"ADBE Vector Group","hd":false}],"ip":0,"op":150,"st":0,"bm":0},{"ddd":0,"ind":4,"ty":4,"nm":"Star 3","sr":1,"ks":{"o":{"a":0,"k":100,"ix":11},"r":{"a":1,"k":[{"i":{"x":[0.833],"y":[0.833]},"o":{"x":[0.167],"y":[0.167]},"t":55,"s":[0]},{"t":73,"s":[90]}],"ix":10},"p":{"a":0,"k":[170.407,185.006,0],"ix":2},"a":{"a":0,"k":[50.973,50.973,0],"ix":1},"s":{"a":1,"k":[{"i":{"x":[0.833,0.833,0.833],"y":[0.833,0.833,0.833]},"o":{"x":[0.167,0.167,0.167],"y":[0.167,0.167,0.167]},"t":45,"s":[0,0,100]},{"i":{"x":[0.833,0.833,0.833],"y":[0.833,0.833,0.833]},"o":{"x":[0.167,0.167,0.167],"y":[0.167,0.167,0.167]},"t":56,"s":[100,100,100]},{"i":{"x":[0.833,0.833,0.833],"y":[0.833,0.833,0.833]},"o":{"x":[0.167,0.167,0.167],"y":[0.167,0.167,0.167]},"t":72,"s":[100,100,100]},{"t":83,"s":[0,0,100]}],"ix":6}},"ao":0,"shapes":[{"ty":"gr","it":[{"ind":0,"ty":"sh","ix":1,"ks":{"a":0,"k":{"i":[[0,-24.397],[24.396,0],[0,24.397],[-24.396,0]],"o":[[0,-24.397],[24.396,0],[0,24.397],[-24.396,0]],"v":[[0,44.138],[-44.138,0],[0,-44.138],[44.138,0]],"c":true},"ix":2},"nm":"Path 1","mn":"ADBE Vector Shape - Group","hd":false},{"ty":"st","c":{"a":0,"k":[1,1,1,1],"ix":3,"x":"var $bm_rt;\ntry {\n    $bm_rt = thisComp.layer('Controller')('Effects')('Color')('ADBE Color Control-0001');\n} catch (e) {\n    $bm_rt = value;\n}"},"o":{"a":0,"k":100,"ix":4},"w":{"a":0,"k":2.734,"ix":5},"lc":3,"lj":2,"bm":0,"nm":"Stroke 1","mn":"ADBE Vector Graphic - Stroke","hd":false},{"ty":"fl","c":{"a":0,"k":[1,1,1,1],"ix":4,"x":"var $bm_rt;\ntry {\n    $bm_rt = thisComp.layer('Controller')('Effects')('Color')('ADBE Color Control-0001');\n} catch (e) {\n    $bm_rt = value;\n}"},"o":{"a":0,"k":100,"ix":5},"r":1,"bm":0,"nm":"Fill 1","mn":"ADBE Vector Graphic - Fill","hd":false},{"ty":"tr","p":{"a":0,"k":[50.973,50.973],"ix":2},"a":{"a":0,"k":[0,0],"ix":1},"s":{"a":0,"k":[100,100],"ix":3},"r":{"a":0,"k":0,"ix":6},"o":{"a":0,"k":100,"ix":7},"sk":{"a":0,"k":0,"ix":4},"sa":{"a":0,"k":0,"ix":5},"nm":"Transform"}],"nm":"Group 1","np":3,"cix":2,"bm":0,"ix":1,"mn":"ADBE Vector Group","hd":false}],"ip":0,"op":150,"st":0,"bm":0},{"ddd":0,"ind":5,"ty":4,"nm":"Star 2","sr":1,"ks":{"o":{"a":0,"k":100,"ix":11},"r":{"a":1,"k":[{"i":{"x":[0.833],"y":[0.833]},"o":{"x":[0.167],"y":[0.167]},"t":50,"s":[0]},{"t":68,"s":[90]}],"ix":10},"p":{"a":0,"k":[299.354,146.848,0],"ix":2},"a":{"a":0,"k":[50.973,50.973,0],"ix":1},"s":{"a":1,"k":[{"i":{"x":[0.833,0.833,0.833],"y":[0.833,0.833,0.833]},"o":{"x":[0.167,0.167,0.167],"y":[0.167,0.167,0.167]},"t":40,"s":[0,0,100]},{"i":{"x":[0.833,0.833,0.833],"y":[0.833,0.833,0.833]},"o":{"x":[0.167,0.167,0.167],"y":[0.167,0.167,0.167]},"t":51,"s":[100,100,100]},{"i":{"x":[0.833,0.833,0.833],"y":[0.833,0.833,0.833]},"o":{"x":[0.167,0.167,0.167],"y":[0.167,0.167,0.167]},"t":67,"s":[100,100,100]},{"t":78,"s":[0,0,100]}],"ix":6}},"ao":0,"shapes":[{"ty":"gr","it":[{"ind":0,"ty":"sh","ix":1,"ks":{"a":0,"k":{"i":[[0,-24.397],[24.396,0],[0,24.397],[-24.396,0]],"o":[[0,-24.397],[24.396,0],[0,24.397],[-24.396,0]],"v":[[0,44.138],[-44.138,0],[0,-44.138],[44.138,0]],"c":true},"ix":2},"nm":"Path 1","mn":"ADBE Vector Shape - Group","hd":false},{"ty":"st","c":{"a":0,"k":[1,1,1,1],"ix":3,"x":"var $bm_rt;\ntry {\n    $bm_rt = thisComp.layer('Controller')('Effects')('Color')('ADBE Color Control-0001');\n} catch (e) {\n    $bm_rt = value;\n}"},"o":{"a":0,"k":100,"ix":4},"w":{"a":0,"k":2.734,"ix":5},"lc":3,"lj":2,"bm":0,"nm":"Stroke 1","mn":"ADBE Vector Graphic - Stroke","hd":false},{"ty":"fl","c":{"a":0,"k":[1,1,1,1],"ix":4,"x":"var $bm_rt;\ntry {\n    $bm_rt = thisComp.layer('Controller')('Effects')('Color')('ADBE Color Control-0001');\n} catch (e) {\n    $bm_rt = value;\n}"},"o":{"a":0,"k":100,"ix":5},"r":1,"bm":0,"nm":"Fill 1","mn":"ADBE Vector Graphic - Fill","hd":false},{"ty":"tr","p":{"a":0,"k":[50.973,50.973],"ix":2},"a":{"a":0,"k":[0,0],"ix":1},"s":{"a":0,"k":[100,100],"ix":3},"r":{"a":0,"k":0,"ix":6},"o":{"a":0,"k":100,"ix":7},"sk":{"a":0,"k":0,"ix":4},"sa":{"a":0,"k":0,"ix":5},"nm":"Transform"}],"nm":"Group 1","np":3,"cix":2,"bm":0,"ix":1,"mn":"ADBE Vector Group","hd":false}],"ip":0,"op":150,"st":0,"bm":0},{"ddd":0,"ind":6,"ty":4,"nm":"Star 1","sr":1,"ks":{"o":{"a":0,"k":100,"ix":11},"r":{"a":1,"k":[{"i":{"x":[0.833],"y":[0.833]},"o":{"x":[0.167],"y":[0.167]},"t":45,"s":[0]},{"t":63,"s":[90]}],"ix":10},"p":{"a":0,"k":[280.933,274.479,0],"ix":2},"a":{"a":0,"k":[50.973,50.973,0],"ix":1},"s":{"a":1,"k":[{"i":{"x":[0.833,0.833,0.833],"y":[0.833,0.833,0.833]},"o":{"x":[0.167,0.167,0.167],"y":[0.167,0.167,0.167]},"t":35,"s":[0,0,100]},{"i":{"x":[0.833,0.833,0.833],"y":[0.833,0.833,0.833]},"o":{"x":[0.167,0.167,0.167],"y":[0.167,0.167,0.167]},"t":46,"s":[100,100,100]},{"i":{"x":[0.833,0.833,0.833],"y":[0.833,0.833,0.833]},"o":{"x":[0.167,0.167,0.167],"y":[0.167,0.167,0.167]},"t":62,"s":[100,100,100]},{"t":73,"s":[0,0,100]}],"ix":6}},"ao":0,"shapes":[{"ty":"gr","it":[{"ind":0,"ty":"sh","ix":1,"ks":{"a":0,"k":{"i":[[0,-24.397],[24.396,0],[0,24.397],[-24.396,0]],"o":[[0,-24.397],[24.396,0],[0,24.397],[-24.396,0]],"v":[[0,44.138],[-44.138,0],[0,-44.138],[44.138,0]],"c":true},"ix":2},"nm":"Path 1","mn":"ADBE Vector Shape - Group","hd":false},{"ty":"st","c":{"a":0,"k":[1,1,1,1],"ix":3,"x":"var $bm_rt;\ntry {\n    $bm_rt = thisComp.layer('Controller')('Effects')('Color')('ADBE Color Control-0001');\n} catch (e) {\n    $bm_rt = value;\n}"},"o":{"a":0,"k":100,"ix":4},"w":{"a":0,"k":2.734,"ix":5},"lc":3,"lj":2,"bm":0,"nm":"Stroke 1","mn":"ADBE Vector Graphic - Stroke","hd":false},{"ty":"fl","c":{"a":0,"k":[1,1,1,1],"ix":4,"x":"var $bm_rt;\ntry {\n    $bm_rt = thisComp.layer('Controller')('Effects')('Color')('ADBE Color Control-0001');\n} catch (e) {\n    $bm_rt = value;\n}"},"o":{"a":0,"k":100,"ix":5},"r":1,"bm":0,"nm":"Fill 1","mn":"ADBE Vector Graphic - Fill","hd":false},{"ty":"tr","p":{"a":0,"k":[50.973,50.973],"ix":2},"a":{"a":0,"k":[0,0],"ix":1},"s":{"a":0,"k":[100,100],"ix":3},"r":{"a":0,"k":0,"ix":6},"o":{"a":0,"k":100,"ix":7},"sk":{"a":0,"k":0,"ix":4},"sa":{"a":0,"k":0,"ix":5},"nm":"Transform"}],"nm":"Group 1","np":3,"cix":2,"bm":0,"ix":1,"mn":"ADBE Vector Group","hd":false}],"ip":0,"op":150,"st":0,"bm":0},{"ddd":0,"ind":7,"ty":4,"nm":"Line","parent":2,"sr":1,"ks":{"o":{"a":0,"k":100,"ix":11},"r":{"a":1,"k":[{"i":{"x":[0.2],"y":[1]},"o":{"x":[0.8],"y":[0]},"t":55,"s":[0]},{"i":{"x":[0.2],"y":[1]},"o":{"x":[0.8],"y":[0]},"t":90,"s":[-90]},{"i":{"x":[0.2],"y":[1]},"o":{"x":[0.8],"y":[0]},"t":115,"s":[-90]},{"t":150,"s":[0]}],"ix":10},"p":{"a":0,"k":[50,7.369,0],"ix":2},"a":{"a":0,"k":[117.578,117.578,0],"ix":1},"s":{"a":1,"k":[{"i":{"x":[0.4,0.4,0.4],"y":[1,1,1]},"o":{"x":[0.6,0.6,0.6],"y":[0,0,0]},"t":3,"s":[100,100,100]},{"i":{"x":[0.4,0.4,0.4],"y":[1,1,1]},"o":{"x":[0.6,0.6,0.6],"y":[0,0,0]},"t":18,"s":[80,80,100]},{"i":{"x":[0.4,0.4,0.4],"y":[1,1,1]},"o":{"x":[0.6,0.6,0.6],"y":[0,0,0]},"t":33,"s":[130,130,100]},{"t":48,"s":[100,100,100]}],"ix":6}},"ao":0,"shapes":[{"ty":"gr","it":[{"ind":0,"ty":"sh","ix":1,"ks":{"a":0,"k":{"i":[[-42.284,0],[0,-42.284],[42.285,0],[0,42.284]],"o":[[42.285,0],[0,42.284],[-42.284,0],[0,-42.284]],"v":[[-0.001,-76.563],[76.562,0],[-0.001,76.563],[-76.562,0]],"c":true},"ix":2},"nm":"Path 1","mn":"ADBE Vector Shape - Group","hd":false},{"ty":"st","c":{"a":0,"k":[0.941000007181,0.368999974868,0.337000020345,1],"ix":3,"x":"var $bm_rt;\ntry {\n    $bm_rt = thisComp.layer('Controller').effect('Color 3')('ADBE Color Control-0001');\n} catch (e) {\n    $bm_rt = value;\n}"},"o":{"a":0,"k":100,"ix":4},"w":{"a":0,"k":16.406,"ix":5},"lc":2,"lj":2,"bm":0,"nm":"Stroke 1","mn":"ADBE Vector Graphic - Stroke","hd":false},{"ty":"tr","p":{"a":0,"k":[117.578,117.578],"ix":2},"a":{"a":0,"k":[0,0],"ix":1},"s":{"a":0,"k":[100,100],"ix":3},"r":{"a":0,"k":0,"ix":6},"o":{"a":0,"k":100,"ix":7},"sk":{"a":0,"k":0,"ix":4},"sa":{"a":0,"k":0,"ix":5},"nm":"Transform"}],"nm":"Group 1","np":3,"cix":2,"bm":0,"ix":1,"mn":"ADBE Vector Group","hd":false},{"ty":"tm","s":{"a":0,"k":0,"ix":1},"e":{"a":1,"k":[{"i":{"x":[0.2],"y":[1]},"o":{"x":[0.8],"y":[0]},"t":55,"s":[100]},{"i":{"x":[0.2],"y":[1]},"o":{"x":[0.8],"y":[0]},"t":90,"s":[0]},{"i":{"x":[0.2],"y":[1]},"o":{"x":[0.8],"y":[0]},"t":115,"s":[0]},{"t":150,"s":[100]}],"ix":2},"o":{"a":0,"k":0,"ix":3},"m":1,"ix":2,"nm":"Trim Paths 1","mn":"ADBE Vector Filter - Trim","hd":false}],"ip":0,"op":150,"st":0,"bm":0},{"ddd":0,"ind":8,"ty":4,"nm":"Ellipse","parent":2,"sr":1,"ks":{"o":{"a":0,"k":100,"ix":11},"r":{"a":0,"k":0,"ix":10},"p":{"a":0,"k":[50,7.369,0],"ix":2},"a":{"a":0,"k":[117.578,117.578,0],"ix":1},"s":{"a":1,"k":[{"i":{"x":[0.4,0.4,0.4],"y":[1,1,1]},"o":{"x":[0.6,0.6,0.6],"y":[0,0,0]},"t":3,"s":[100,100,100]},{"i":{"x":[0.4,0.4,0.4],"y":[1,1,1]},"o":{"x":[0.6,0.6,0.6],"y":[0,0,0]},"t":18,"s":[80,80,100]},{"i":{"x":[0.4,0.4,0.4],"y":[1,1,1]},"o":{"x":[0.6,0.6,0.6],"y":[0,0,0]},"t":33,"s":[130,130,100]},{"i":{"x":[0.2,0.2,0.2],"y":[1,1,1]},"o":{"x":[0.6,0.6,0.6],"y":[0,0,0]},"t":48,"s":[100,100,100]},{"i":{"x":[0.2,0.2,0.2],"y":[1,1,1]},"o":{"x":[0.8,0.8,0.8],"y":[0,0,0]},"t":65,"s":[100,100,100]},{"i":{"x":[0.2,0.2,0.2],"y":[1,1,1]},"o":{"x":[0.8,0.8,0.8],"y":[0,0,0]},"t":75,"s":[135,135,100]},{"i":{"x":[0.2,0.2,0.2],"y":[1,1,1]},"o":{"x":[0.8,0.8,0.8],"y":[0,0,0]},"t":85,"s":[0,0,100]},{"i":{"x":[0.2,0.2,0.2],"y":[1,1,1]},"o":{"x":[0.8,0.8,0.8],"y":[0,0,0]},"t":130,"s":[0,0,100]},{"i":{"x":[0.2,0.2,0.2],"y":[1,1,1]},"o":{"x":[0.8,0.8,0.8],"y":[0,0,0]},"t":140,"s":[135,135,100]},{"t":150,"s":[100,100,100]}],"ix":6}},"ao":0,"shapes":[{"ty":"gr","it":[{"ind":0,"ty":"sh","ix":1,"ks":{"a":0,"k":{"i":[[0,-42.284],[42.285,0],[0,42.284],[-42.284,0]],"o":[[0,42.284],[-42.284,0],[0,-42.284],[42.285,0]],"v":[[76.562,0],[-0.001,76.563],[-76.562,0],[-0.001,-76.563]],"c":true},"ix":2},"nm":"Path 1","mn":"ADBE Vector Shape - Group","hd":false},{"ty":"fl","c":{"a":0,"k":[1,0.862999949736,0.411999990426,1],"ix":4,"x":"var $bm_rt;\ntry {\n    $bm_rt = thisComp.layer('Controller')('Effects')('Color 4')('ADBE Color Control-0001');\n} catch (e) {\n    $bm_rt = value;\n}"},"o":{"a":0,"k":100,"ix":5},"r":1,"bm":0,"nm":"Fill 1","mn":"ADBE Vector Graphic - Fill","hd":false},{"ty":"tr","p":{"a":0,"k":[117.578,117.578],"ix":2},"a":{"a":0,"k":[0,0],"ix":1},"s":{"a":0,"k":[100,100],"ix":3},"r":{"a":0,"k":0,"ix":6},"o":{"a":0,"k":100,"ix":7},"sk":{"a":0,"k":0,"ix":4},"sa":{"a":0,"k":0,"ix":5},"nm":"Transform"}],"nm":"Group 1","np":3,"cix":2,"bm":0,"ix":1,"mn":"ADBE Vector Group","hd":false}],"ip":0,"op":150,"st":0,"bm":0},{"ddd":0,"ind":9,"ty":4,"nm":"Star Main","parent":2,"sr":1,"ks":{"o":{"a":0,"k":100,"ix":11},"r":{"a":1,"k":[{"i":{"x":[0.4],"y":[1]},"o":{"x":[0.6],"y":[0]},"t":40,"s":[0]},{"t":80,"s":[180]}],"ix":10},"p":{"a":0,"k":[50,7.369,0],"ix":2},"a":{"a":0,"k":[135.131,135.131,0],"ix":1},"s":{"a":1,"k":[{"i":{"x":[0.2,0.2,0.2],"y":[1,1,1]},"o":{"x":[0.8,0.8,0.8],"y":[0,0,0]},"t":0,"s":[100,100,100]},{"i":{"x":[0.2,0.2,0.2],"y":[1,1,1]},"o":{"x":[0.8,0.8,0.8],"y":[0,0,0]},"t":15,"s":[80,80,100]},{"i":{"x":[0.2,0.2,0.2],"y":[1,1,1]},"o":{"x":[0.8,0.8,0.8],"y":[0,0,0]},"t":30,"s":[130,130,100]},{"t":45,"s":[100,100,100]}],"ix":6}},"ao":0,"shapes":[{"ty":"gr","it":[{"ind":0,"ty":"sh","ix":1,"ks":{"a":0,"k":{"i":[[-4.923,4.562],[0,0],[-3.647,-7.937],[0,0],[-6.294,2.331],[0,0],[-0.332,-8.728],[0,0],[-6.707,-0.255],[0,0],[3.033,-8.191],[0,0],[-6.098,-2.802],[0,0],[5.937,-6.407],[0,0],[-4.562,-4.922],[0,0],[7.937,-3.647],[0,0],[-2.331,-6.294],[0,0],[8.728,-0.332],[0,0],[0.255,-6.707],[0,0],[8.191,3.034],[0,0],[2.802,-6.098],[0,0],[6.407,5.937],[0,0],[4.923,-4.561],[0,0],[3.647,7.937],[0,0],[6.294,-2.331],[0,0],[0.332,8.728],[0,0],[6.707,0.255],[0,0],[-3.034,8.191],[0,0],[6.098,2.803],[0,0],[-5.937,6.406],[0,0],[4.561,4.923],[0,0],[-7.937,3.647],[0,0],[2.331,6.294],[0,0],[-8.728,0.332],[0,0],[-0.255,6.707],[0,0],[-8.191,-3.033],[0,0],[-2.803,6.098],[0,0],[-6.406,-5.937],[0,0]],"o":[[0,0],[6.407,-5.937],[0,0],[2.802,6.098],[0,0],[8.191,-3.033],[0,0],[0.255,6.707],[0,0],[8.728,0.332],[0,0],[-2.331,6.294],[0,0],[7.937,3.647],[0,0],[-4.562,4.923],[0,0],[5.937,6.406],[0,0],[-6.098,2.803],[0,0],[3.033,8.191],[0,0],[-6.707,0.255],[0,0],[-0.332,8.728],[0,0],[-6.294,-2.331],[0,0],[-3.647,7.937],[0,0],[-4.923,-4.561],[0,0],[-6.406,5.937],[0,0],[-2.803,-6.098],[0,0],[-8.191,3.034],[0,0],[-0.255,-6.707],[0,0],[-8.728,-0.332],[0,0],[2.331,-6.294],[0,0],[-7.937,-3.647],[0,0],[4.561,-4.922],[0,0],[-5.937,-6.407],[0,0],[6.098,-2.802],[0,0],[-3.034,-8.191],[0,0],[6.707,-0.255],[0,0],[0.332,-8.728],[0,0],[6.294,2.331],[0,0],[3.647,-7.937],[0,0],[4.923,4.562]],"v":[[8.726,-123.084],[15.049,-128.945],[35.441,-124.889],[39.04,-117.053],[55.163,-110.376],[63.249,-113.369],[80.536,-101.82],[80.864,-93.204],[93.204,-80.864],[101.82,-80.536],[113.369,-63.249],[110.376,-55.163],[117.054,-39.041],[124.888,-35.441],[128.945,-15.05],[123.083,-8.726],[123.083,8.726],[128.945,15.05],[124.888,35.441],[117.054,39.04],[110.376,55.163],[113.369,63.249],[101.82,80.535],[93.204,80.863],[80.864,93.203],[80.536,101.819],[63.249,113.369],[55.163,110.375],[39.04,117.053],[35.441,124.888],[15.049,128.945],[8.726,123.083],[-8.725,123.083],[-15.05,128.945],[-35.44,124.888],[-39.04,117.053],[-55.163,110.375],[-63.249,113.369],[-80.535,101.819],[-80.863,93.203],[-93.203,80.863],[-101.819,80.535],[-113.369,63.249],[-110.375,55.163],[-117.053,39.04],[-124.888,35.441],[-128.944,15.05],[-123.083,8.726],[-123.083,-8.726],[-128.944,-15.05],[-124.888,-35.441],[-117.053,-39.041],[-110.375,-55.163],[-113.369,-63.249],[-101.819,-80.536],[-93.203,-80.864],[-80.863,-93.204],[-80.535,-101.82],[-63.249,-113.369],[-55.163,-110.376],[-39.04,-117.053],[-35.44,-124.889],[-15.05,-128.945],[-8.725,-123.084]],"c":true},"ix":2},"nm":"Path 1","mn":"ADBE Vector Shape - Group","hd":false},{"ty":"fl","c":{"a":0,"k":[1,0.728999956916,0.301999978458,1],"ix":4,"x":"var $bm_rt;\ntry {\n    $bm_rt = thisComp.layer('Controller').effect('Color 5')('ADBE Color Control-0001');\n} catch (e) {\n    $bm_rt = value;\n}"},"o":{"a":0,"k":100,"ix":5},"r":1,"bm":0,"nm":"Fill 1","mn":"ADBE Vector Graphic - Fill","hd":false},{"ty":"tr","p":{"a":0,"k":[135.131,135.132],"ix":2},"a":{"a":0,"k":[0,0],"ix":1},"s":{"a":0,"k":[100,100],"ix":3},"r":{"a":0,"k":0,"ix":6},"o":{"a":0,"k":100,"ix":7},"sk":{"a":0,"k":0,"ix":4},"sa":{"a":0,"k":0,"ix":5},"nm":"Transform"}],"nm":"Group 1","np":2,"cix":2,"bm":0,"ix":1,"mn":"ADBE Vector Group","hd":false}],"ip":0,"op":150,"st":0,"bm":0},{"ddd":0,"ind":10,"ty":4,"nm":"Ribbon 1","parent":2,"sr":1,"ks":{"o":{"a":0,"k":100,"ix":11},"r":{"a":1,"k":[{"i":{"x":[0.2],"y":[1]},"o":{"x":[0.8],"y":[0]},"t":51,"s":[0]},{"i":{"x":[0.2],"y":[1]},"o":{"x":[0.8],"y":[0]},"t":66,"s":[-48]},{"t":81,"s":[0]}],"ix":10},"p":{"a":1,"k":[{"i":{"x":0.4,"y":1},"o":{"x":0.6,"y":0},"t":2,"s":[45,55,0],"to":[0,-5,0],"ti":[0,-5,0]},{"i":{"x":0.4,"y":1},"o":{"x":0.6,"y":0},"t":17,"s":[45,25,0],"to":[0,5,0],"ti":[0,-5,0]},{"i":{"x":0.4,"y":1},"o":{"x":0.6,"y":0},"t":32,"s":[45,85,0],"to":[0,5,0],"ti":[0,5,0]},{"i":{"x":0.4,"y":0.4},"o":{"x":0.6,"y":0.6},"t":47,"s":[45,55,0],"to":[0,0,0],"ti":[0,0,0]},{"i":{"x":0.4,"y":1},"o":{"x":0.6,"y":0},"t":97,"s":[45,55,0],"to":[0,3.333,0],"ti":[0,3.333,0]},{"i":{"x":0.4,"y":1},"o":{"x":0.6,"y":0},"t":112,"s":[45,75,0],"to":[0,-3.333,0],"ti":[0,3.333,0]},{"i":{"x":0.4,"y":1},"o":{"x":0.6,"y":0},"t":127,"s":[45,35,0],"to":[0,-3.333,0],"ti":[0,-3.333,0]},{"t":142,"s":[45,55,0]}],"ix":2},"a":{"a":0,"k":[103.059,16.25,0],"ix":1},"s":{"a":0,"k":[100,100,100],"ix":6}},"ao":0,"shapes":[{"ty":"gr","it":[{"ind":0,"ty":"sh","ix":1,"ks":{"a":0,"k":{"i":[[0,0],[0,0],[0,0],[0,0],[0,0]],"o":[[0,0],[0,0],[0,0],[0,0],[0,0]],"v":[[-19.166,47.893],[-71.154,61.297],[-9.221,-93.463],[71.154,-61.297],[9.221,93.463]],"c":true},"ix":2},"nm":"Path 1","mn":"ADBE Vector Shape - Group","hd":false},{"ty":"fl","c":{"a":0,"k":[0.4,0.769000004787,1,1],"ix":4,"x":"var $bm_rt;\ntry {\n    $bm_rt = thisComp.layer('Controller').effect('Color 6')('ADBE Color Control-0001');\n} catch (e) {\n    $bm_rt = value;\n}"},"o":{"a":0,"k":100,"ix":5},"r":1,"bm":0,"nm":"Fill 1","mn":"ADBE Vector Graphic - Fill","hd":false},{"ty":"tr","p":{"a":0,"k":[71.404,93.713],"ix":2},"a":{"a":0,"k":[0,0],"ix":1},"s":{"a":0,"k":[100,100],"ix":3},"r":{"a":0,"k":0,"ix":6},"o":{"a":0,"k":100,"ix":7},"sk":{"a":0,"k":0,"ix":4},"sa":{"a":0,"k":0,"ix":5},"nm":"Transform"}],"nm":"Group 1","np":2,"cix":2,"bm":0,"ix":1,"mn":"ADBE Vector Group","hd":false}],"ip":0,"op":150,"st":0,"bm":0},{"ddd":0,"ind":11,"ty":4,"nm":"Ribbon 2","parent":2,"sr":1,"ks":{"o":{"a":0,"k":100,"ix":11},"r":{"a":1,"k":[{"i":{"x":[0.2],"y":[1]},"o":{"x":[0.8],"y":[0]},"t":51,"s":[0]},{"i":{"x":[0.2],"y":[1]},"o":{"x":[0.8],"y":[0]},"t":66,"s":[48]},{"t":81,"s":[0]}],"ix":10},"p":{"a":1,"k":[{"i":{"x":0.4,"y":1},"o":{"x":0.6,"y":0},"t":6,"s":[55,55,0],"to":[0,-5,0],"ti":[0,-5,0]},{"i":{"x":0.4,"y":1},"o":{"x":0.6,"y":0},"t":21,"s":[55,25,0],"to":[0,5,0],"ti":[0,-5,0]},{"i":{"x":0.4,"y":1},"o":{"x":0.6,"y":0},"t":36,"s":[55,85,0],"to":[0,5,0],"ti":[0,5,0]},{"i":{"x":0.4,"y":0.4},"o":{"x":0.6,"y":0.6},"t":51,"s":[55,55,0],"to":[0,0,0],"ti":[0,0,0]},{"i":{"x":0.4,"y":1},"o":{"x":0.6,"y":0},"t":101,"s":[55,55,0],"to":[0,3.333,0],"ti":[0,3.333,0]},{"i":{"x":0.4,"y":1},"o":{"x":0.6,"y":0},"t":116,"s":[55,75,0],"to":[0,-3.333,0],"ti":[0,3.333,0]},{"i":{"x":0.4,"y":1},"o":{"x":0.6,"y":0},"t":131,"s":[55,35,0],"to":[0,-3.333,0],"ti":[0,-3.333,0]},{"t":146,"s":[55,55,0]}],"ix":2},"a":{"a":0,"k":[40.25,15.75,0],"ix":1},"s":{"a":0,"k":[100,100,100],"ix":6}},"ao":0,"shapes":[{"ty":"gr","it":[{"ind":0,"ty":"sh","ix":1,"ks":{"a":0,"k":{"i":[[0,0],[0,0],[0,0],[0,0],[0,0]],"o":[[0,0],[0,0],[0,0],[0,0],[0,0]],"v":[[19.167,47.893],[71.154,61.297],[9.222,-93.463],[-71.154,-61.297],[-9.221,93.463]],"c":true},"ix":2},"nm":"Path 1","mn":"ADBE Vector Shape - Group","hd":false},{"ty":"fl","c":{"a":0,"k":[0.289999988032,0.647000002394,0.811999990426,1],"ix":4,"x":"var $bm_rt;\ntry {\n    $bm_rt = thisComp.layer('Controller').effect('Color 7')('ADBE Color Control-0001');\n} catch (e) {\n    $bm_rt = value;\n}"},"o":{"a":0,"k":100,"ix":5},"r":1,"bm":0,"nm":"Fill 1","mn":"ADBE Vector Graphic - Fill","hd":false},{"ty":"tr","p":{"a":0,"k":[71.404,93.713],"ix":2},"a":{"a":0,"k":[0,0],"ix":1},"s":{"a":0,"k":[100,100],"ix":3},"r":{"a":0,"k":0,"ix":6},"o":{"a":0,"k":100,"ix":7},"sk":{"a":0,"k":0,"ix":4},"sa":{"a":0,"k":0,"ix":5},"nm":"Transform"}],"nm":"Group 1","np":2,"cix":2,"bm":0,"ix":1,"mn":"ADBE Vector Group","hd":false}],"ip":0,"op":150,"st":0,"bm":0}],"markers":[]}